{
    "CompileStrategy": "fullobj",
    "PEModules": [],
    "cycles_program_begin": 3231159411769510,
    "CompileProcesses": [
        "cgproc.17719.json"
    ],
    "rlimit": {
        "data": -1,
        "stack": -1
    },
    "MlibObjs": {},
    "perf": [
        [
            0.15252113342285156,
            0.044431999999999999,
            0.041403000000000002,
            228476,
            229144,
            1614706960.7756591,
            3231159699681518,
            "doParsingAndDesignResolution",
            "entry"
        ],
        [
            0.16293811798095703,
            0.050770999999999997,
            0.044678000000000002,
            229452,
            230100,
            1614706960.7860761,
            3231159722522772,
            "doParsingAndDesignResolution",
            "exit"
        ],
        [
            0.16302108764648438,
            0.050816,
            0.044718000000000001,
            229452,
            230100,
            1614706960.786159,
            3231159722670620,
            "doPostDesignResolutionToVir2Vcs",
            "entry"
        ],
        [
            0.17702794075012207,
            0.053297999999999998,
            0.048881000000000001,
            230888,
            230892,
            1614706960.8001659,
            3231159753436080,
            "doUptoVir2VcsNoSepCleanup",
            "entry"
        ],
        [
            0.20309209823608398,
            0.064160999999999996,
            0.05194,
            231340,
            243696,
            1614706960.82623,
            3231159810653214,
            "doUptoVir2VcsNoSepCleanup",
            "exit"
        ],
        [
            0.20319199562072754,
            0.064216999999999996,
            0.051985000000000003,
            231340,
            243696,
            1614706960.8263299,
            3231159810860030,
            "doRadify_vir2vcsAll",
            "entry"
        ],
        [
            0.21425104141235352,
            0.066910999999999998,
            0.054746000000000003,
            232900,
            243696,
            1614706960.837389,
            3231159835143010,
            "doRadify_vir2vcsAll",
            "exit"
        ],
        [
            0.21431612968444824,
            0.066947999999999994,
            0.054775999999999998,
            232900,
            243696,
            1614706960.8374541,
            3231159835274850,
            "doPostDesignResolutionToVir2Vcs",
            "exit"
        ],
        [
            0.21437311172485352,
            0.066979999999999998,
            0.054801000000000002,
            232900,
            243696,
            1614706960.8375111,
            3231159835365312,
            "doGAToPass2",
            "entry"
        ],
        [
            0.26612210273742676,
            0.069277000000000005,
            0.057903000000000003,
            231344,
            243696,
            1614706960.8892601,
            3231159949012734,
            "DoPass2",
            "entry"
        ],
        [
            0.30756902694702148,
            0.077804999999999999,
            0.068710999999999994,
            235284,
            243696,
            1614706960.930707,
            3231160040001212,
            "DoPass2",
            "exit"
        ]
    ],
    "CurCompileModules": [
        "...MASTER...",
        "vcs_paramclassrepository",
        "_vcs_unit__3363450375",
        "std",
        "common_test",
        "common_test"
    ],
    "Misc": {
        "vcs_version": "N-2017.12-SP2-1_Full64",
        "default_output_dir": "csrc",
        "vcs_build_date": "Build Date = Jul 14 2018 20:29:59",
        "csrc": "csrc",
        "master_pid": 17719,
        "VCS_HOME": "/usr/caen/vcs-2017.12-SP2-1",
        "cwd": "/afs/umich.edu/user/z/w/zwtao/Documents/eecs570_final_project",
        "csrc_abs": "/afs/umich.edu/user/z/w/zwtao/Documents/eecs570_final_project/csrc",
        "archive_dir": "archive.5",
        "daidir": "/afs/umich.edu/user/z/w/zwtao/Documents/eecs570_final_project/simv.daidir",
        "daidir_abs": "/afs/umich.edu/user/z/w/zwtao/Documents/eecs570_final_project/simv.daidir"
    },
    "PrevCompiledModules": {
        "vcs_paramclassrepository": {
            "hEeZs_d": {
                "mode": 4,
                "bytes": 23786,
                "mod": "vcs_paramclassrepository",
                "checksum": 0,
                "archive": "archive.5/_prev_archive_1.a",
                "out": "hEeZs_d.o"
            }
        },
        "common_test": {
            "h1FGN_d": {
                "mode": 4,
                "bytes": 7846,
                "mod": "common_test",
                "out": "h1FGN_d.o",
                "checksum": 0,
                "archive": "archive.5/_17719_archive_1.a"
            }
        },
        "std": {
            "reYIK_d": {
                "mode": 4,
                "bytes": 32908,
                "mod": "std",
                "checksum": 0,
                "archive": "archive.5/_prev_archive_1.a",
                "out": "reYIK_d.o"
            }
        },
        "...MASTER...": {
            "amcQw_d": {
                "mode": 4,
                "bytes": 8016,
                "mod": "...MASTER...",
                "checksum": 0,
                "out": "objs/amcQw_d.o"
            }
        },
        "_vcs_unit__3363450375": {
            "wibLG_d": {
                "mode": 4,
                "bytes": 6978,
                "mod": "_vcs_unit__3363450375",
                "checksum": 0,
                "archive": "archive.5/_prev_archive_1.a",
                "out": "wibLG_d.o"
            }
        }
    },
    "incremental": "on",
    "cpu_cycles_pass2_start": 3231159949036496,
    "NameTable": {
        "vcs_paramclassrepository": [
            "vcs_paramclassrepository",
            "hEeZs",
            "module",
            1
        ],
        "_vcs_unit__3363450375": [
            "_vcs_unit__3363450375",
            "wibLG",
            "module",
            2
        ],
        "common_test": [
            "common_test",
            "h1FGN",
            "module",
            4
        ],
        "std": [
            "std",
            "reYIK",
            "module",
            3
        ],
        "...MASTER...": [
            "SIM",
            "amcQw",
            "module",
            5
        ]
    },
    "stat": {
        "ru_self_cgstart": {
            "ru_utime_sec": 0.069342000000000001,
            "ru_minflt": 24751,
            "ru_maxrss_kb": 63860,
            "ru_stime_sec": 0.057957000000000002,
            "ru_majflt": 0,
            "ru_nvcsw": 124,
            "ru_nivcsw": 7
        },
        "CodeGen(%)": 12.712889618245139,
        "cpu_cycles_cgstart": 3231159949136320,
        "mopSpeed": 40711.625982623045,
        "nMops": 492,
        "ru_childs_cgstart": {
            "ru_utime_sec": 0.013634,
            "ru_minflt": 6375,
            "ru_maxrss_kb": 16768,
            "ru_stime_sec": 0.024612999999999999,
            "ru_majflt": 0,
            "ru_nvcsw": 17,
            "ru_nivcsw": 7
        },
        "ru_childs_end": {
            "ru_utime_sec": 0.013634,
            "ru_minflt": 6973,
            "ru_maxrss_kb": 17224,
            "ru_stime_sec": 0.029256000000000001,
            "ru_majflt": 0,
            "ru_nvcsw": 19,
            "ru_nivcsw": 9
        },
        "nQuads": 241,
        "totalObjSize": 73490,
        "peak_mem_kb": 243696,
        "mop/quad": 2.0414937759336098,
        "ru_self_end": {
            "ru_utime_sec": 0.081426999999999999,
            "ru_minflt": 27061,
            "ru_maxrss_kb": 68740,
            "ru_stime_sec": 0.071374999999999994,
            "ru_majflt": 0,
            "ru_nvcsw": 175,
            "ru_nivcsw": 7
        },
        "cpu_cycles_end": 3231160067824570,
        "quadSpeed": 19942.07695490275,
        "Frontend(%)": 87.287110381754857,
        "cpu_cycles_total": 656055060,