{
    "cycles_program_begin": 3219534647442834,
    "incremental": "on",
    "perf": [
        [
            0.15509915351867676,
            0.047262999999999999,
            0.044309000000000001,
            228476,
            229144,
            1614701664.3520601,
            3219534936515318,
            "doParsingAndDesignResolution",
            "entry"
        ],
        [
            0.1655430793762207,
            0.053539999999999997,
            0.047591000000000001,
            228952,
            229600,
            1614701664.362504,
            3219534959405934,
            "doParsingAndDesignResolution",
            "exit"
        ],
        [
            0.16562604904174805,
            0.053584,
            0.047629999999999999,
            228952,
            229600,
            1614701664.362587,
            3219534959608050,
            "doPostDesignResolutionToVir2Vcs",
            "entry"
        ],
        [
            0.17966318130493164,
            0.055470999999999999,
            0.053525000000000003,
            230380,
            230384,
            1614701664.3766241,
            3219534990396580,
            "doUptoVir2VcsNoSepCleanup",
            "entry"
        ],
        [
            0.20121216773986816,
            0.063630000000000006,
            0.058735000000000002,
            231088,
            243444,
            1614701664.3981731,
            3219535037749770,
            "doUptoVir2VcsNoSepCleanup",
            "exit"
        ],
        [
            0.20135211944580078,
            0.063703999999999997,
            0.058803000000000001,
            231088,
            243444,
            1614701664.398313,
            3219535037979992,
            "doRadify_vir2vcsAll",
            "entry"
        ],
        [
            0.20877599716186523,
            0.068552000000000002,
            0.059737999999999999,
            232888,
            243444,
            1614701664.4057369,
            3219535054305748,
            "doRadify_vir2vcsAll",
            "exit"
        ],
        [
            0.2088470458984375,
            0.068590999999999999,
            0.059771999999999999,
            232888,
            243444,
            1614701664.405808,
            3219535054415358,
            "doPostDesignResolutionToVir2Vcs",
            "exit"
        ],
        [
            0.2088930606842041,
            0.068614999999999995,
            0.059792999999999999,
            232888,
            243444,
            1614701664.405854,
            3219535054513202,
            "doGAToPass2",
            "entry"
        ],
        [
            0.26088213920593262,
            0.068614999999999995,
            0.065755999999999995,
            231332,
            243444,
            1614701664.4578431,
            3219535168682958,
            "DoPass2",
            "entry"
        ],
        [
            0.2998969554901123,
            0.076704999999999995,
            0.077662999999999996,
            235272,
            243444,
            1614701664.4968579,
            3219535254314158,
            "DoPass2",
            "exit"
        ]
    ],
    "MlibObjs": {},
    "NameTable": {
        "vcs_paramclassrepository": [
            "vcs_paramclassrepository",
            "hEeZs",
            "module",
            1
        ],
        "common_test": [
            "common_test",
            "h1FGN",
            "module",
            4
        ],
        "_vcs_unit__3363450375": [
            "_vcs_unit__3363450375",
            "wibLG",
            "module",
            2
        ],
        "std": [
            "std",
            "reYIK",
            "module",
            3
        ],
        "...MASTER...": [
            "SIM",
            "amcQw",
            "module",
            5
        ]
    },
    "PrevCompiledModules": {
        "vcs_paramclassrepository": {
            "hEeZs_d": {
                "checksum": 0,
                "bytes": 23786,
                "mode": 4,
                "mod": "vcs_paramclassrepository",
                "out": "hEeZs_d.o",
                "archive": "archive.1/_prev_archive_1.a"
            }
        },
        "std": {
            "reYIK_d": {
                "checksum": 0,
                "bytes": 32908,
                "mode": 4,
                "mod": "std",
                "out": "reYIK_d.o",
                "archive": "archive.1/_prev_archive_1.a"
            }
        },
        "_vcs_unit__3363450375": {
            "wibLG_d": {
                "checksum": 0,
                "bytes": 7680,
                "mode": 4,
                "mod": "_vcs_unit__3363450375",
                "out": "wibLG_d.o",
                "archive": "archive.1/_prev_archive_1.a"
            }
        },
        "common_test": {
            "h1FGN_d": {
                "checksum": 0,
                "bytes": 8390,
                "mode": 4,
                "mod": "common_test",
                "out": "h1FGN_d.o",
                "archive": "archive.1/_15141_archive_1.a"
            }
        },
        "...MASTER...": {
            "amcQw_d": {
                "checksum": 0,
                "bytes": 8016,
                "mode": 4,
                "mod": "...MASTER...",
                "out": "objs/amcQw_d.o"
            }
        }
    },
    "CompileStrategy": "fullobj",
    "CompileStatus": "Successful",
    "cpu_cycles_pass2_start": 3219535168707984,
    "stat": {
        "ru_childs_cgstart": {
            "ru_minflt": 6375,
            "ru_stime_sec": 0.023942999999999999,
            "ru_utime_sec": 0.014409,
            "ru_maxrss_kb": 16688,
            "ru_majflt": 0,
            "ru_nvcsw": 17,
            "ru_nivcsw": 7
        },
        "quadSpeed": 21831.514040496604,
        "mop/quad": 2.1793893129770994,
        "ru_self_cgstart": {
            "ru_minflt": 24717,
            "ru_stime_sec": 0.065865999999999994,
            "ru_utime_sec": 0.068614999999999995,
            "ru_maxrss_kb": 63672,
            "ru_majflt": 0,
            "ru_nvcsw": 122,
            "ru_nivcsw": 11
        },
        "totalObjSize": 74128,
        "cpu_cycles_cgstart": 3219535168781612,
        "nMops": 571,
        "Frontend(%)": 87.3706919231781,
        "nQuads": 262,
        "ru_self_end": {
            "ru_minflt": 27076,
            "ru_stime_sec": 0.081359000000000001,
            "ru_utime_sec": 0.079422000000000006,
            "ru_maxrss_kb": 68708,
            "ru_majflt": 0,
            "ru_nvcsw": 174,
            "ru_nivcsw": 13
        },
        "ru_childs_end": {
            "ru_minflt": 6971,
            "ru_stime_sec": 0.027525999999999998,
            "ru_utime_sec": 0.015603000000000001,
            "ru_maxrss_kb": 17144,
            "ru_majflt": 0,
            "ru_nvcsw": 19,
            "ru_nivcsw": 14
        },
        "cpu_cycles_end": 3219535281847252,
        "mopSpeed": 47579.368385967791,
        "realTime": 0.31258201599121094,
        "cpu_cycles_total": 634404418,
        "outputSizePerQuad": 282.93129770992368,
        "CodeGen(%)": 12.6293080768219,
        "peak_mem_kb": 243444
    },
    "CurCompileModules": [
        "...MASTER...",
        "vcs_paramclassrepository",
        "_vcs_unit__3363450375",
        "std",
        "common_test",
        "common_test"
    ],
    "CurCompileUdps": {},
    "SIMBData": {
        "out": "amcQwB.o",
        "bytes": 65738,
        "text": 0,
        "archive": "archive.1/_15141_archive_1.a"
    },
    "LVLData": [
        "SIM"
    ],
    "PEModules": [],
    "CompileProcesses": [
        "cgproc.15141.json"
    ],
    "Misc": {
        "vcs_version": "N-2017.12-SP2-1_Full64",
        "VCS_HOME": "/usr/caen/vcs-2017.12-SP2-1",
        "vcs_build_date": "Build Date = Jul 14 2018 20:29:59",
        "master_pid": 15141,
        "cwd": "/afs/umich.edu/user/z/w/zwtao/Documents/eecs570_final_project",
        "csrc_abs": "/afs/umich.edu/user/z/w/zwtao/Documents/eecs570_final_project/csrc",