{
    "cycles_program_begin": 3723133507983786,
    "MlibObjs": {},
    "NameTable": {
        "...MASTER...": [
            "SIM",
            "amcQw",
            "module",
            5
        ],
        "vcs_paramclassrepository": [
            "vcs_paramclassrepository",
            "hEeZs",
            "module",
            1
        ],
        "_vcs_unit__644628341": [
            "_vcs_unit__644628341",
            "j3rhp",
            "module",
            6
        ],
        "std": [
            "std",
            "reYIK",
            "module",
            3
        ],
        "common_test": [
            "common_test",
            "h1FGN",
            "module",
            4
        ]
    },
    "perf": [
        [
            0.15051603317260742,
            0.029117000000000001,
            0.042637000000000001,
            228532,
            229148,
            1614788045.2972369,
            3723133825098274,
            "doParsingAndDesignResolution",
            "entry"
        ],
        [
            0.16175723075866699,
            0.035112999999999998,
            0.046473,
            229476,
            230124,
            1614788045.3084781,
            3723133852019004,
            "doParsingAndDesignResolution",
            "exit"
        ],
        [
            0.16183114051818848,
            0.035145000000000003,
            0.046515000000000001,
            229476,
            230124,
            1614788045.308552,
            3723133852165452,
            "doPostDesignResolutionToVir2Vcs",
            "entry"
        ],
        [
            0.18007111549377441,
            0.041692,
            0.051073,
            230928,
            230932,
            1614788045.326792,
            3723133895957373,
            "doUptoVir2VcsNoSepCleanup",
            "entry"
        ],
        [
            0.26743507385253906,
            0.055260999999999998,
            0.057307999999999998,
            231384,
            243740,
            1614788045.414156,
            3723134105408700,
            "doUptoVir2VcsNoSepCleanup",
            "exit"
        ],
        [
            0.26755404472351074,
            0.055321000000000002,
            0.057369999999999997,
            231384,
            243740,
            1614788045.4142749,
            3723134105616909,
            "doRadify_vir2vcsAll",
            "entry"
        ],
        [
            0.27706503868103027,
            0.059304000000000003,
            0.060344000000000002,
            233012,
            243740,
            1614788045.4237859,
            3723134128443222,
            "doRadify_vir2vcsAll",
            "exit"
        ],
        [
            0.27712702751159668,
            0.059334999999999999,
            0.060375999999999999,
            233012,
            243740,
            1614788045.4238479,
            3723134128594563,
            "doPostDesignResolutionToVir2Vcs",
            "exit"
        ],
        [
            0.27718806266784668,
            0.059334999999999999,
            0.060436999999999998,
            233012,
            243740,
            1614788045.4239089,
            3723134128697799,
            "doGAToPass2",
            "entry"
        ],
        [
            0.38547515869140625,
            0.061705000000000003,
            0.064841999999999997,
            231456,
            243740,
            1614788045.532196,
            3723134388348130,
            "DoPass2",
            "entry"
        ],
        [
            0.50818204879760742,
            0.103898,
            0.07868,
            242252,
            243740,
            1614788045.6549029,
            3723134682493422,
            "DoPass2",
            "exit"
        ]
    ],
    "incremental": "on",
    "rlimit": {
        "data": -1,
        "stack": -1
    },
    "cpu_cycles_pass2_start": 3723134388376864,
    "PrevCompiledModules": {
        "...MASTER...": {
            "amcQw_d": {
                "checksum": 0,
                "bytes": 8016,
                "mod": "...MASTER...",
                "out": "objs/amcQw_d.o",
                "mode": 4
            }
        },
        "vcs_paramclassrepository": {
            "hEeZs_d": {
                "checksum": 0,
                "bytes": 31318,
                "mod": "vcs_paramclassrepository",
                "archive": "archive.17/_23067_archive_1.a",
                "out": "hEeZs_d.o",
                "mode": 4
            }
        },
        "_vcs_unit__644628341": {
            "j3rhp_d": {
                "checksum": 0,
                "bytes": 14190,
                "mod": "_vcs_unit__644628341",
                "archive": "archive.17/_23067_archive_1.a",
                "out": "j3rhp_d.o",
                "mode": 4
            }
        },
        "std": {
            "reYIK_d": {
                "checksum": 0,
                "bytes": 32908,
                "mod": "std",
                "archive": "archive.17/_prev_archive_1.a",
                "out": "reYIK_d.o",
                "mode": 4
            }
        },
        "common_test": {
            "h1FGN_d": {
                "checksum": 0,
                "bytes": 36374,
                "mod": "common_test",
                "archive": "archive.17/_23067_archive_1.a",
                "out": "h1FGN_d.o",
                "mode": 4
            }
        }
    },
    "CompileStrategy": "fullobj",
    "SIMBData": {
        "archive": "archive.17/_23067_archive_1.a",
        "out": "amcQwB.o",
        "bytes": 68222,
        "text": 0
    },
    "CompileStatus": "Successful",
    "stat": {
        "ru_self_cgstart": {
            "ru_utime_sec": 0.061754999999999997,
            "ru_nvcsw": 173,
            "ru_maxrss_kb": 66216,
            "ru_stime_sec": 0.064895999999999995,
            "ru_majflt": 0,
            "ru_minflt": 25332,
            "ru_nivcsw": 8
        },
        "ru_self_end": {
            "ru_utime_sec": 0.107076,
            "ru_nvcsw": 243,
            "ru_maxrss_kb": 76584,
            "ru_stime_sec": 0.084640999999999994,
            "ru_majflt": 0,
            "ru_minflt": 29063,
            "ru_nivcsw": 12
        },
        "ru_childs_cgstart": {
            "ru_utime_sec": 0.012363000000000001,
            "ru_nvcsw": 19,
            "ru_maxrss_kb": 17268,
            "ru_stime_sec": 0.021569000000000001,
            "ru_majflt": 0,
            "ru_minflt": 6372,
            "ru_nivcsw": 13
        },
        "cpu_cycles_cgstart": 3723134388450114,
        "nMops": 5388,
        "realTime": 0.56448101997375488,
        "nQuads": 1728,
        "cpu_cycles_end": 3723134817156342,
        "ru_childs_end": {
            "ru_utime_sec": 0.013285,
            "ru_nvcsw": 21,
            "ru_maxrss_kb": 17724,
            "ru_stime_sec": 0.024337000000000001,
            "ru_majflt": 0,
            "ru_minflt": 6970,
            "ru_nivcsw": 15
        },
        "totalObjSize": 149470,
        "cpu_cycles_total": 1309172556,
        "CodeGen(%)": 38.420252407341252,
        "mopSpeed": 116514.93198970653,
        "quadSpeed": 37367.817831888067,
        "mop/quad": 3.1180555555555554,
        "Frontend(%)": 61.579747592658748,
        "outputSizePerQuad": 86.498842592592595,
        "peak_mem_kb": 243740
    },
    "CompileProcesses": [
        "cgproc.23067.json"
    ],
    "CurCompileUdps": {},
    "CurCompileModules": [
        "...MASTER...",
        "vcs_paramclassrepository",
        "vcs_paramclassrepository",
        "_vcs_unit__644628341",
        "_vcs_unit__644628341",
        "std",
        "common_test",
        "common_test"
    ],
    "LVLData": [
        "SIM"
    ],
    "PEModules": [],
    "Misc": {
        "cwd": "/afs/umich.edu/user/z/w/zwtao/Documents/eecs570_final_project",
        "archive_dir": "archive.17",
        "default_output_dir": "csrc",
        "vcs_version": "N-2017.12-SP2-1_Full64",
        "vcs_build_date": "Build Date = Jul 14 2018 20:29:59",