{
    "cycles_program_begin": 3231176358443138,
    "CurCompileUdps": {},
    "perf": [
        [
            0.15235590934753418,
            0.054056,
            0.030030999999999999,
            228476,
            229144,
            1614706968.4965529,
            3231176645799056,
            "doParsingAndDesignResolution",
            "entry"
        ],
        [
            0.16321206092834473,
            0.058488999999999999,
            0.035687999999999998,
            229452,
            230100,
            1614706968.5074091,
            3231176669568562,
            "doParsingAndDesignResolution",
            "exit"
        ],
        [
            0.16330194473266602,
            0.058546000000000001,
            0.035722999999999998,
            229452,
            230100,
            1614706968.507499,
            3231176669721310,
            "doPostDesignResolutionToVir2Vcs",
            "entry"
        ],
        [
            0.19074392318725586,
            0.061818999999999999,
            0.040264000000000001,
            230888,
            230892,
            1614706968.534941,
            3231176729977500,
            "doUptoVir2VcsNoSepCleanup",
            "entry"
        ],
        [
            0.21503496170043945,
            0.070283999999999999,
            0.045183000000000001,
            231340,
            243696,
            1614706968.559232,
            3231176783310794,
            "doUptoVir2VcsNoSepCleanup",
            "exit"
        ],
        [
            0.21514296531677246,
            0.070350999999999997,
            0.045225000000000001,
            231340,
            243696,
            1614706968.55934,
            3231176783533346,
            "doRadify_vir2vcsAll",
            "entry"
        ],
        [
            0.22758698463439941,
            0.074554999999999996,
            0.046344999999999997,
            232896,
            243696,
            1614706968.571784,
            3231176810844868,
            "doRadify_vir2vcsAll",
            "exit"
        ],
        [
            0.22765207290649414,
            0.074595999999999996,
            0.046371000000000002,
            232896,
            243696,
            1614706968.5718491,
            3231176810954076,
            "doPostDesignResolutionToVir2Vcs",
            "exit"
        ],
        [
            0.22769784927368164,
            0.074624999999999997,
            0.046387999999999999,
            232896,
            243696,
            1614706968.5718949,
            3231176811050696,
            "doGAToPass2",
            "entry"
        ],
        [
            0.28384304046630859,
            0.075169,
            0.050790000000000002,
            231340,
            243696,
            1614706968.6280401,
            3231176934338292,
            "DoPass2",
            "entry"
        ],
        [
            0.32378792762756348,
            0.080865000000000006,
            0.063681000000000001,
            235280,
            243696,
            1614706968.667985,
            3231177021985646,
            "DoPass2",
            "exit"
        ]
    ],
    "MlibObjs": {},
    "PrevCompiledModules": {
        "...MASTER...": {
            "amcQw_d": {
                "bytes": 8016,
                "checksum": 0,
                "mode": 4,
                "mod": "...MASTER...",
                "out": "objs/amcQw_d.o"
            }
        },
        "vcs_paramclassrepository": {
            "hEeZs_d": {
                "bytes": 23786,
                "checksum": 0,
                "mode": 4,
                "mod": "vcs_paramclassrepository",
                "archive": "archive.6/_prev_archive_1.a",
                "out": "hEeZs_d.o"
            }
        },
        "common_test": {
            "h1FGN_d": {
                "bytes": 7844,
                "checksum": 0,
                "mode": 4,
                "mod": "common_test",
                "out": "h1FGN_d.o",
                "archive": "archive.6/_18207_archive_1.a"
            }
        },
        "std": {
            "reYIK_d": {
                "bytes": 32908,
                "checksum": 0,
                "mode": 4,
                "mod": "std",
                "archive": "archive.6/_prev_archive_1.a",
                "out": "reYIK_d.o"
            }
        },
        "_vcs_unit__3363450375": {
            "wibLG_d": {
                "bytes": 6978,
                "checksum": 0,
                "mode": 4,
                "mod": "_vcs_unit__3363450375",
                "archive": "archive.6/_prev_archive_1.a",
                "out": "wibLG_d.o"
            }
        }
    },
    "NameTable": {
        "...MASTER...": [
            "SIM",
            "amcQw",
            "module",
            5
        ],
        "vcs_paramclassrepository": [
            "vcs_paramclassrepository",
            "hEeZs",
            "module",
            1
        ],
        "_vcs_unit__3363450375": [
            "_vcs_unit__3363450375",
            "wibLG",
            "module",
            2
        ],
        "common_test": [
            "common_test",
            "h1FGN",
            "module",
            4
        ],
        "std": [
            "std",
            "reYIK",
            "module",
            3
        ]
    },
    "CompileProcesses": [
        "cgproc.18207.json"
    ],
    "CompileStrategy": "fullobj",
    "cpu_cycles_pass2_start": 3231176934363372,
    "CurCompileModules": [
        "...MASTER...",
        "vcs_paramclassrepository",
        "_vcs_unit__3363450375",
        "std",
        "common_test",
        "common_test"
    ],
    "stat": {
        "ru_childs_cgstart": {
            "ru_utime_sec": 0.0081180000000000002,
            "ru_stime_sec": 0.028833999999999999,
            "ru_nvcsw": 17,
            "ru_maxrss_kb": 16752,
            "ru_nivcsw": 8,
            "ru_minflt": 6375,
            "ru_majflt": 0
        },
        "ru_self_cgstart": {
            "ru_utime_sec": 0.075232999999999994,
            "ru_stime_sec": 0.050833000000000003,
            "ru_nvcsw": 124,
            "ru_maxrss_kb": 63828,
            "ru_nivcsw": 5,
            "ru_minflt": 24739,
            "ru_majflt": 0
        },
        "peak_mem_kb": 243696,
        "cpu_cycles_cgstart": 3231176934438972,
        "nMops": 492,
        "realTime": 0.33636689186096191,
        "cpu_cycles_end": 3231177049325984,
        "ru_childs_end": {
            "ru_utime_sec": 0.0081180000000000002,
            "ru_stime_sec": 0.033660000000000002,
            "ru_nvcsw": 19,
            "ru_maxrss_kb": 17208,
            "ru_nivcsw": 10,
            "ru_minflt": 6973,
            "ru_majflt": 0
        },
        "CodeGen(%)": 8.0934161052364626,
        "nQuads": 241,
        "totalObjSize": 73494,
        "outputSizePerQuad": 304.95435684647305,
        "ru_self_end": {
            "ru_utime_sec": 0.082572999999999994,
            "ru_stime_sec": 0.068301000000000001,
            "ru_nvcsw": 180,
            "ru_maxrss_kb": 68716,
            "ru_nivcsw": 7,
            "ru_minflt": 27033,
            "ru_majflt": 0
        },
        "Frontend(%)": 91.906583894763529,
        "cpu_cycles_total": 690882846
    },
    "PEModules": [],
    "Misc": {
        "daidir_abs": "/afs/umich.edu/user/z/w/zwtao/Documents/eecs570_final_project/simv.daidir",
        "vcs_version": "N-2017.12-SP2-1_Full64",
        "cwd": "/afs/umich.edu/user/z/w/zwtao/Documents/eecs570_final_project",
        "vcs_build_date": "Build Date = Jul 14 2018 20:29:59",
        "master_pid": 18207,
        "VCS_HOME": "/usr/caen/vcs-2017.12-SP2-1",
        "daidir": "/afs/umich.edu/user/z/w/zwtao/Documents/eecs570_final_project/simv.daidir",
        "csrc_abs": "/afs/umich.edu/user/z/w/zwtao/Documents/eecs570_final_project/csrc",
        "csrc": "csrc",
        "archive_dir": "archive.6",
        "default_output_dir": "csrc"
    },
    "SIMBData": {
        "out": "amcQwB.o",
        "bytes": 65648,