{
    "cycles_program_begin": 7077794619469471,
    "perf": [
        [
            0.1759788990020752,
            0.043198,
            0.041234,
            228504,
            229304,
            1616187438.955945,
            7077794968674063,
            "doParsingAndDesignResolution",
            "entry"
        ],
        [
            7.2030689716339111,
            0.052130000000000003,
            0.046227999999999998,
            229520,
            230168,
            1616187445.9830351,
            7077811814200344,
            "doParsingAndDesignResolution",
            "exit"
        ],
        [
            7.2479019165039062,
            0.052547000000000003,
            0.047681000000000001,
            229656,
            230168,
            1616187446.027868,
            7077811921629537,
            "doPostDesignResolutionToVir2Vcs",
            "entry"
        ],
        [
            7.3176348209381104,
            0.058011,
            0.057028000000000002,
            230784,
            230788,
            1616187446.0976009,
            7077812088803190,
            "doUptoVir2VcsNoSepCleanup",
            "entry"
        ],
        [
            7.5532219409942627,
            0.078391000000000002,
            0.078391000000000002,
            231984,
            244720,
            1616187446.3331881,
            7077812653588299,
            "doUptoVir2VcsNoSepCleanup",
            "exit"
        ],
        [
            7.5533978939056396,
            0.078567999999999999,
            0.078391000000000002,
            231984,
            244720,
            1616187446.333364,
            7077812653943067,
            "doRadify_vir2vcsAll",
            "entry"
        ],
        [
            7.628126859664917,
            0.083461999999999995,
            0.081564999999999999,
            233140,
            244720,
            1616187446.408093,
            7077812833203588,
            "doRadify_vir2vcsAll",
            "exit"
        ],
        [
            7.6282339096069336,
            0.083516999999999994,
            0.081618999999999997,
            233140,
            244720,
            1616187446.4082,
            7077812833332387,
            "doPostDesignResolutionToVir2Vcs",
            "exit"
        ],
        [
            7.6282808780670166,
            0.083541000000000004,
            0.081642000000000006,
            233140,
            244720,
            1616187446.408247,
            7077812833474614,
            "doGAToPass2",
            "entry"
        ],
        [
            8.8667769432067871,
            0.083541000000000004,
            0.088910000000000003,
            231584,
            244720,
            1616187447.6467431,
            7077815802496077,
            "DoPass2",
            "entry"
        ],
        [
            9.2281568050384521,
            0.128468,
            0.11241,
            242808,
            244720,
            1616187448.0081229,
            7077816668780019,
            "DoPass2",
            "exit"
        ]
    ],
    "MlibObjs": {},
    "PrevCompiledModules": {
        "_vcs_unit__4063401251": {
            "z6raE_d": {
                "bytes": 13474,
                "mod": "_vcs_unit__4063401251",
                "out": "z6raE_d.o",
                "mode": 4,
                "checksum": 0,
                "archive": "archive.94/_23691_archive_1.a"
            }
        },
        "std": {
            "reYIK_d": {
                "bytes": 33720,
                "mod": "std",
                "mode": 4,
                "checksum": 0,
                "archive": "archive.94/_prev_archive_1.a",
                "out": "reYIK_d.o"
            }
        },
        "common_test": {
            "h1FGN_d": {
                "bytes": 46334,
                "mod": "common_test",
                "out": "h1FGN_d.o",
                "mode": 4,
                "checksum": 0,
                "archive": "archive.94/_23691_archive_1.a"
            }
        },
        "...MASTER...": {
            "amcQw_d": {
                "bytes": 7866,
                "mod": "...MASTER...",
                "out": "objs/amcQw_d.o",
                "mode": 4,
                "checksum": 0
            }
        }
    },
    "CompileProcesses": [
        "cgproc.23691.json"
    ],
    "CompileStatus": "Successful",
    "LVLData": [
        "SIM"
    ],
    "NameTable": {
        "std": [
            "std",
            "reYIK",
            "module",
            2
        ],
        "_vcs_unit__4063401251": [
            "_vcs_unit__4063401251",
            "z6raE",
            "module",
            1
        ],
        "common_test": [
            "common_test",
            "h1FGN",
            "module",
            3
        ],
        "...MASTER...": [
            "SIM",
            "amcQw",
            "module",
            4
        ]
    },
    "stat": {
        "ru_self_cgstart": {
            "ru_maxrss_kb": 67164,
            "ru_utime_sec": 0.083541000000000004,
            "ru_majflt": 1,
            "ru_minflt": 25767,
            "ru_stime_sec": 0.089043999999999998,
            "ru_nvcsw": 283,
            "ru_nivcsw": 15
        },
        "nQuads": 2374,
        "cpu_cycles_cgstart": 7077815802623283,
        "outputSizePerQuad": 67.990732940185339,
        "ru_childs_cgstart": {
            "ru_maxrss_kb": 17508,
            "ru_utime_sec": 0.013746,
            "ru_majflt": 149,
            "ru_minflt": 6218,
            "ru_stime_sec": 0.043011000000000001,
            "ru_nvcsw": 75,
            "ru_nivcsw": 10
        },
        "ru_childs_end": {
            "ru_maxrss_kb": 17936,
            "ru_utime_sec": 0.013746,
            "ru_majflt": 149,
            "ru_minflt": 6816,
            "ru_stime_sec": 0.047439000000000002,
            "ru_nvcsw": 77,
            "ru_nivcsw": 14
        },
        "nMops": 6346,
        "totalObjSize": 161410,
        "ru_self_end": {
            "ru_maxrss_kb": 78588,
            "ru_utime_sec": 0.130941,
            "ru_majflt": 1,
            "ru_minflt": 29730,
            "ru_stime_sec": 0.12252399999999999,
            "ru_nvcsw": 435,
            "ru_nivcsw": 40
        },
        "cpu_cycles_end": 7077816721244207,
        "cpu_cycles_total": 22101774736,
        "quadSpeed": 50084.388185653996,
        "mopSpeed": 133881.85654008435,
        "mop/quad": 2.6731255265374894,
        "Frontend(%)": 67.239627609944222,
        "CodeGen(%)": 32.760372390055778,
        "peak_mem_kb": 244720,
        "realTime": 9.2502038478851318
    },
    "Misc": {
        "vcs_version": "N-2017.12-SP2-1_Full64",
        "daidir": "/afs/umich.edu/user/z/w/zwtao/Documents/eecs570_final_project/simv.daidir",
        "vcs_build_date": "Build Date = Jul 14 2018 20:29:59",
        "csrc": "csrc",
        "csrc_abs": "/afs/umich.edu/user/z/w/zwtao/Documents/eecs570_final_project/csrc",
        "daidir_abs": "/afs/umich.edu/user/z/w/zwtao/Documents/eecs570_final_project/simv.daidir",
        "master_pid": 23691,
        "VCS_HOME": "/usr/caen/vcs-2017.12-SP2-1",
        "cwd": "/afs/umich.edu/user/z/w/zwtao/Documents/eecs570_final_project",
        "default_output_dir": "csrc",
        "archive_dir": "archive.94"
    },
    "CompileStrategy": "fullobj",
    "CurCompileUdps": {},
    "PEModules": [],
    "cpu_cycles_pass2_start": 7077815802520608,
    "SIMBData": {
        "out": "amcQwB.o",
        "bytes": 101602,
        "text": 0,
        "archive": "archive.94/_23691_archive_1.a"
    },
    "incremental": "on",
    "CurCompileModules": [
        "...MASTER...",
        "_vcs_unit__4063401251",
        "_vcs_unit__4063401251",
        "std",
        "common_test",
        "common_test"
    ],
    "rlimit": {
        "data": -1,
        "stack": -1
    }
}