{
    "stat": {
        "ru_self_cgstart": {
            "ru_maxrss_kb": 67400,
            "ru_utime_sec": 0.083016999999999994,
            "ru_stime_sec": 0.075383000000000006,
            "ru_minflt": 25797,
            "ru_majflt": 0,
            "ru_nvcsw": 197,
            "ru_nivcsw": 8
        },
        "nMops": 6101,
        "ru_childs_cgstart": {
            "ru_maxrss_kb": 17400,
            "ru_utime_sec": 0.015497,
            "ru_stime_sec": 0.020933,
            "ru_minflt": 6370,
            "ru_majflt": 0,
            "ru_nvcsw": 19,
            "ru_nivcsw": 7
        },
        "totalObjSize": 148290,
        "ru_self_end": {
            "ru_maxrss_kb": 76972,
            "ru_utime_sec": 0.12550500000000001,
            "ru_stime_sec": 0.102322,
            "ru_minflt": 29462,
            "ru_majflt": 0,
            "ru_nvcsw": 299,
            "ru_nivcsw": 10
        },
        "cpu_cycles_cgstart": 7580111632352856,
        "ru_childs_end": {
            "ru_maxrss_kb": 17828,
            "ru_utime_sec": 0.015497,
            "ru_stime_sec": 0.025153999999999999,
            "ru_minflt": 6968,
            "ru_majflt": 0,
            "ru_nvcsw": 21,
            "ru_nivcsw": 9
        },
        "nQuads": 2127,
        "Frontend(%)": 69.867094083771846,
        "cpu_cycles_end": 7580112196922520,
        "cpu_cycles_total": 1529357754,
        "mopSpeed": 143593.48521935596,
        "quadSpeed": 50061.193748823163,
        "outputSizePerQuad": 69.717912552891391,
        "mop/quad": 2.8683591913493185,
        "CodeGen(%)": 30.132905916228154,
        "peak_mem_kb": 244808,
        "realTime": 0.74477696418762207
    },
    "LVLData": [
        "SIM"
    ],
    "cycles_program_begin": 7580110667564766,
    "PrevCompiledModules": {
        "...MASTER...": {
            "amcQw_d": {
                "bytes": 7858,
                "mod": "...MASTER...",
                "out": "objs/amcQw_d.o",
                "mode": 4,
                "checksum": 0
            }
        },
        "sha_tb": {
            "bHYRS_d": {
                "bytes": 49316,
                "mod": "sha_tb",
                "out": "bHYRS_d.o",
                "mode": 4,
                "checksum": 0,
                "archive": "archive.12/_20333_archive_1.a"
            }
        },
        "_vcs_unit__3864693740": {
            "ppZmY_d": {
                "bytes": 33420,
                "mod": "_vcs_unit__3864693740",
                "out": "ppZmY_d.o",
                "mode": 4,
                "checksum": 0,
                "archive": "archive.12/_prev_archive_1.a"
            }
        },
        "std": {
            "reYIK_d": {
                "bytes": 33820,
                "mod": "std",
                "mode": 4,
                "checksum": 0,
                "archive": "archive.12/_prev_archive_1.a",
                "out": "reYIK_d.o"
            }
        }
    },
    "perf": [
        [
            0.17957282066345215,
            0.046101000000000003,
            0.041196999999999998,
            228656,
            229304,
            1616688418.4890189,
            7580110956759882,
            "doParsingAndDesignResolution",
            "entry"
        ],
        [
            0.19192194938659668,
            0.056143999999999999,
            0.042354000000000003,
            229560,
            230208,
            1616688418.501368,
            7580110983781098,
            "doParsingAndDesignResolution",
            "exit"
        ],
        [
            0.19923686981201172,
            0.056143999999999999,
            0.044690000000000001,
            229716,
            230208,
            1616688418.508683,
            7580110999828120,
            "doPostDesignResolutionToVir2Vcs",
            "entry"
        ],
        [
            0.22098684310913086,
            0.060226000000000002,
            0.051339999999999997,
            230876,
            230880,
            1616688418.5304329,
            7580111047556010,
            "doUptoVir2VcsNoSepCleanup",
            "entry"
        ],
        [
            0.34279990196228027,
            0.078070000000000001,
            0.067335000000000006,
            232072,
            244808,
            1616688418.652246,
            7580111314936318,
            "doUptoVir2VcsNoSepCleanup",
            "exit"
        ],
        [
            0.34290695190429688,
            0.078128000000000003,
            0.067386000000000001,
            232072,
            244808,
            1616688418.652353,
            7580111315130568,
            "doRadify_vir2vcsAll",
            "entry"
        ],
        [
            0.35464096069335938,
            0.081781999999999994,
            0.071197999999999997,
            233160,
            244808,
            1616688418.6640871,
            7580111340916374,
            "doRadify_vir2vcsAll",
            "exit"
        ],
        [
            0.35470795631408691,
            0.081819000000000003,
            0.071231000000000003,
            233160,
            244808,
            1616688418.6641541,
            7580111341027704,
            "doPostDesignResolutionToVir2Vcs",
            "exit"
        ],
        [
            0.35475492477416992,
            0.081844,
            0.071251999999999996,
            233160,
            244808,
            1616688418.664201,
            7580111341125568,
            "doGAToPass2",
            "entry"
        ],
        [
            0.48735380172729492,
            0.082951999999999998,
            0.075324000000000002,
            231604,
            244808,
            1616688418.7967999,
            7580111632231926,
            "DoPass2",
            "entry"
        ],
        [
            0.6893157958984375,
            0.12227300000000001,
            0.095093999999999998,
            238844,
            244808,
            1616688418.9987619,
            7580112075466722,
            "DoPass2",
            "exit"
        ]
    ],
    "MlibObjs": {},
    "CompileStatus": "Successful",
    "rlimit": {
        "data": -1,
        "stack": -1
    },
    "NameTable": {
        "...MASTER...": [
            "SIM",
            "amcQw",
            "module",
            4
        ],
        "sha_tb": [
            "sha_tb",
            "bHYRS",
            "module",
            3
        ],
        "_vcs_unit__3864693740": [
            "_vcs_unit__3864693740",
            "ppZmY",
            "module",
            5
        ],
        "std": [
            "std",
            "reYIK",
            "module",
            2
        ]
    },
    "cpu_cycles_pass2_start": 7580111632262608,
    "CompileStrategy": "fullobj",
    "CurCompileUdps": {},
    "incremental": "on",
    "SIMBData": {
        "out": "amcQwB.o",
        "text": 0,
        "bytes": 98814,
        "archive": "archive.12/_20333_archive_1.a"
    },
    "CurCompileModules": [
        "...MASTER...",
        "_vcs_unit__3864693740",
        "std",
        "sha_tb",
        "sha_tb"
    ],
    "PEModules": [],
    "CompileProcesses": [
        "cgproc.20333.json"
    ],
    "Misc": {
        "daidir_abs": "/afs/umich.edu/user/z/w/zwtao/Documents/eecs570_final_project/simv.daidir",
        "vcs_version": "N-2017.12-SP2-1_Full64",
        "archive_dir": "archive.12",
        "vcs_build_date": "Build Date = Jul 14 2018 20:29:59",
        "master_pid": 20333,
        "cwd": "/afs/umich.edu/user/z/w/zwtao/Documents/eecs570_final_project",
        "csrc": "csrc",
        "csrc_abs": "/afs/umich.edu/user/z/w/zwtao/Documents/eecs570_final_project/csrc",
        "daidir": "/afs/umich.edu/user/z/w/zwtao/Documents/eecs570_final_project/simv.daidir",
        "VCS_HOME": "/usr/caen/vcs-2017.12-SP2-1",
        "default_output_dir": "csrc"
    }
}