{
    "Modules": {
        "...MASTER...": {
            "nMops": 0,
            "start_perf": [
                0.55069804191589355,
                0.107407,
                0.079134999999999997,
                231672,
                244708,
                1616602055.625597,
                7390571168998170
            ],
            "child_modules": {
                "_vcs_unit__3191834005": 1,
                "std": 1,
                "sha_tb": 1
            },
            "end_perf": [
                0.56675910949707031,
                0.11020199999999999,
                0.082151000000000002,
                233228,
                244708,
                7390571204271132,
                0,
                0
            ],
            "nRouts": 5,
            "nQuads": 0
        },
        "std": {
            "start_perf": [
                0.64877510070800781,
                0.124322,
                0.086924000000000001,
                235120,
                244708,
                1616602055.7236741,
                7390571384249172
            ],
            "nMops": 472,
            "svclass": [
                "$vcs_nba_dyn_obj",
                0,
                37,
                2,
                2,
                0,
                "sigprop$$",
                0,
                37,
                2,
                2,
                0,
                "process",
                0,
                184,
                8,
                8,
                0,
                "event",
                0,
                36,
                2,
                2,
                0,
                "mailbox",
                0,
                107,
                9,
                9,
                0,
                "semaphore",
                0,
                71,
                5,
                5,
                0
            ],
            "child_modules": {},
            "Compiled": "Yes",
            "end_perf": [
                0.65245509147644043,
                0.126724,
                0.088200000000000001,
                235276,
                244708,
                7390571392353408,
                8589934594,
                0
            ],
            "Compiled Times": 35,
            "nRouts": 33,
            "nQuads": 218
        },
        "_vcs_unit__3191834005": {
            "nMops": 618,
            "start_perf": [
                0.56691908836364746,
                0.110294,
                0.082219,
                233228,
                244708,
                1616602055.641818,
                7390571204594060
            ],
            "Compiled": "Yes",
            "child_modules": {},
            "end_perf": [
                0.64869594573974609,
                0.124275,
                0.086890999999999996,
                235120,
                244708,
                7390571384113356,
                4294967297,
                0
            ],
            "Compiled Times": 35,
            "nRouts": 20,
            "nQuads": 200
        },
        "sha_tb": {
            "start_perf": [
                0.65253305435180664,
                0.12677099999999999,
                0.088232000000000005,
                235276,
                244708,
                1616602055.727432,
                7390571392551022
            ],
            "nMops": 5523,
            "child_modules": {},
            "Compiled": "Yes",
            "end_perf": [
                0.7648310661315918,
                0.16637399999999999,
                0.096215999999999996,
                239728,
                244708,
                7390571639033044,
                17179869185,
                0
            ],
            "Compiled Times": 35,
            "significant_routs": [
                [
                    1,
                    "R_VCSgd_bHYRS_1",
                    6958280,
                    6216,
                    651
                ],
                [
                    56,
                    "F_VCSgd_bHYRS_11_0",
                    9358356,
                    5696,
                    1079
                ],
                [
                    107,
                    "R_VCSgd_bHYRS_6b",
                    139865096,
                    1101,
                    176
                ]
            ],
            "nRouts": 175,
            "nQuads": 2052
        }
    },
    "CompUnits": {
        "bHYRS_d": {
            "out": "bHYRS_d.o",
            "mod": "sha_tb",
            "bytes": 84194,
            "text": 44156,
            "archive": "archive.34/_26982_archive_1.a",
            "mode": 4,
            "checksum": 0
        }
    },
    "reusePaths": {
        "amcQw_d": {
            "icPath": "csrc"
        },
        "uQAHt_d": {
            "icPath": "csrc"
        },
        "reYIK_d": {
            "icPath": "csrc"
        }
    },
    "ObjArchives": [
        {
            "size": 184866,
            "archive": "archive.34/_26982_archive_1.a",
            "objects": [
                [
                    "bHYRS_d.o",
                    84194
                ],
                [
                    "amcQwB.o",
                    100672
                ]
            ]
        }
    ],
    "stat": {
        "ru_self_end": {
            "ru_nvcsw": 271,
            "ru_majflt": 0,
            "ru_utime_sec": 0.17133599999999999,
            "ru_stime_sec": 0.107465,
            "ru_nivcsw": 15,
            "ru_maxrss_kb": 78244,
            "ru_minflt": 29814
        },
        "ru_childs_end": {
            "ru_nvcsw": 21,
            "ru_majflt": 0,
            "ru_utime_sec": 0.021628000000000001,
            "ru_stime_sec": 0.029197000000000001,
            "ru_nivcsw": 10,
            "ru_maxrss_kb": 18132,
            "ru_minflt": 6968
        },
        "cpu_cycles_end": 7390571829115766,
        "peak_mem_kb": 244708
    }
}