{
    "ObjArchives": [
        {
            "archive": "archive.94/_23691_archive_1.a",
            "size": 161410,
            "objects": [
                [
                    "z6raE_d.o",
                    13474
                ],
                [
                    "h1FGN_d.o",
                    46334
                ],
                [
                    "amcQwB.o",
                    101602
                ]
            ]
        }
    ],
    "Modules": {
        "...MASTER...": {
            "start_perf": [
                8.8670139312744141,
                0.083541000000000004,
                0.089147000000000004,
                231584,
                244720,
                1616187447.64698,
                7077815802986655
            ],
            "child_modules": {
                "_vcs_unit__4063401251": 1,
                "std": 1,
                "common_test": 1
            },
            "end_perf": [
                8.914003849029541,
                0.083541000000000004,
                0.095232999999999998,
                233048,
                244720,
                7077815915639937,
                0,
                0
            ],
            "nQuads": 0,
            "nMops": 0,
            "nRouts": 5
        },
        "std": {
            "start_perf": [
                9.0610249042510986,
                0.100525,
                0.10431799999999999,
                238148,
                244720,
                1616187447.840991,
                7077816268061838
            ],
            "child_modules": {},
            "Compiled": "Yes",
            "Compiled Times": 95,
            "nMops": 472,
            "end_perf": [
                9.0640428066253662,
                0.10345500000000001,
                0.104404,
                238148,
                244720,
                7077816275321871,
                8589934594,
                0
            ],
            "nRouts": 33,
            "svclass": [
                "$vcs_nba_dyn_obj",
                0,
                37,
                2,
                2,
                0,
                "sigprop$$",
                0,
                37,
                2,
                2,
                0,
                "process",
                0,
                184,
                8,
                8,
                0,
                "event",
                0,
                36,
                2,
                2,
                0,
                "mailbox",
                0,
                107,
                9,
                9,
                0,
                "semaphore",
                0,
                71,
                5,
                5,
                0
            ],
            "nQuads": 218
        },
        "_vcs_unit__4063401251": {
            "start_perf": [
                8.914179801940918,
                0.083541000000000004,
                0.095408999999999994,
                233048,
                244720,
                1616187447.6941459,
                7077815916039923
            ],
            "child_modules": {},
            "Compiled": "Yes",
            "nMops": 866,
            "Compiled Times": 2,
            "end_perf": [
                9.0609397888183594,
                0.100482,
                0.10427400000000001,
                238148,
                244720,
                7077816267904572,
                4294967297,
                0
            ],
            "nQuads": 240,
            "nRouts": 14
        },
        "common_test": {
            "start_perf": [
                9.0641179084777832,
                0.103493,
                0.10444299999999999,
                238148,
                244720,
                1616187447.844084,
                7077816275472831
            ],
            "child_modules": {},
            "Compiled": "Yes",
            "Compiled Times": 95,
            "nMops": 5008,
            "significant_routs": [
                [
                    53,
                    "R_VCSgd_h1FGN_35",
                    111031816,
                    143,
                    23
                ]
            ],
            "end_perf": [
                9.1365749835968018,
                0.12764500000000001,
                0.10668800000000001,
                241408,
                244720,
                7077816449203827,
                12884901889,
                0
            ],
            "nQuads": 1916,
            "nRouts": 100
        }
    },
    "CompUnits": {
        "z6raE_d": {
            "text": 3530,
            "mod": "_vcs_unit__4063401251",
            "out": "z6raE_d.o",
            "bytes": 13474,
            "mode": 4,
            "checksum": 0,
            "archive": "archive.94/_23691_archive_1.a"
        },
        "h1FGN_d": {
            "text": 18876,
            "mod": "common_test",
            "out": "h1FGN_d.o",
            "bytes": 46334,
            "mode": 4,
            "checksum": 0,
            "archive": "archive.94/_23691_archive_1.a"
        }
    },
    "stat": {
        "ru_self_end": {
            "ru_maxrss_kb": 78588,
            "ru_utime_sec": 0.13040299999999999,
            "ru_majflt": 1,
            "ru_minflt": 29726,
            "ru_stime_sec": 0.12196,
            "ru_nvcsw": 430,
            "ru_nivcsw": 40
        },
        "ru_childs_end": {
            "ru_maxrss_kb": 17936,
            "ru_utime_sec": 0.013746,
            "ru_majflt": 149,
            "ru_minflt": 6816,
            "ru_stime_sec": 0.047439000000000002,
            "ru_nvcsw": 77,
            "ru_nivcsw": 14
        },
        "cpu_cycles_end": 7077816714588115,
        "peak_mem_kb": 244720
    },
    "reusePaths": {
        "amcQw_d": {
            "icPath": "csrc"
        },
        "reYIK_d": {
            "icPath": "csrc"
        }
    }
}