{
    "CompUnits": {
        "hEeZs_d": {
            "archive": "archive.3/_26394_archive_1.a",
            "mod": "vcs_paramclassrepository",
            "out": "hEeZs_d.o",
            "bytes": 11096,
            "text": 897,
            "mode": 4,
            "cls": 691,
            "checksum": 0
        },
        "wibLG_d": {
            "archive": "archive.3/_26394_archive_1.a",
            "mod": "_vcs_unit__3363450375",
            "out": "wibLG_d.o",
            "bytes": 7880,
            "text": 557,
            "mode": 4,
            "checksum": 0
        },
        "h1FGN_d": {
            "archive": "archive.3/_26394_archive_1.a",
            "mod": "common_test",
            "out": "h1FGN_d.o",
            "bytes": 8178,
            "text": 492,
            "mode": 4,
            "checksum": 0
        }
    },
    "Modules": {
        "common_test": {
            "nQuads": 32,
            "start_perf": [
                0.3638310432434082,
                0.074954999999999994,
                0.066740999999999995,
                237476,
                243396,
                1614700469.9744179,
                3216913477469152
            ],
            "child_modules": {},
            "Compiled": "Yes",
            "end_perf": [
                0.38531613349914551,
                0.076532000000000003,
                0.067348000000000005,
                237476,
                243396,
                3216913524660794,
                12884901889,
                0
            ],
            "nMops": 38,
            "Compiled Times": 4,
            "significant_routs": [
                [
                    2,
                    "R_VCSgd_h1FGN_2",
                    42596356,
                    25,
                    4
                ]
            ],
            "nRouts": 8
        },
        "...MASTER...": {
            "nQuads": 0,
            "child_modules": {
                "vcs_paramclassrepository": 1,
                "std": 1,
                "common_test": 1,
                "_vcs_unit__3363450375": 1
            },
            "start_perf": [
                0.33656620979309082,
                0.065009999999999998,
                0.060540999999999998,
                231176,
                243396,
                1614700469.9471531,
                3216913417639096
            ],
            "nRouts": 5,
            "end_perf": [
                0.34977912902832031,
                0.067812999999999998,
                0.062674999999999995,
                232632,
                243396,
                3216913446667602,
                0,
                0
            ],
            "nMops": 0
        },
        "vcs_paramclassrepository": {
            "nQuads": 39,
            "start_perf": [
                0.34994602203369141,
                0.067900000000000002,
                0.062756000000000006,
                232632,
                243396,
                1614700469.9605329,
                3216913447007550
            ],
            "child_modules": {},
            "nRouts": 7,
            "svclass": [
                "_vcs_unit__3363450375_math_5729101652516386857_2",
                691,
                135,
                1,
                1,
                4294967299
            ],
            "Compiled": "Yes",
            "end_perf": [
                0.3576200008392334,
                0.071842000000000003,
                0.064657999999999993,
                235428,
                243396,
                3216913463907344,
                17179869185,
                0
            ],
            "Compiled Times": 4,
            "significant_routs": [
                [
                    2,
                    "F_VCSgd_hEeZs_1_0",
                    3955384,
                    691,
                    135
                ]
            ],
            "nMops": 135
        },
        "_vcs_unit__3363450375": {
            "nQuads": 9,
            "child_modules": {},
            "start_perf": [
                0.35771512985229492,
                0.071892999999999999,
                0.064703999999999998,
                235428,
                243396,
                1614700469.968302,
                3216913464084052
            ],
            "nRouts": 7,
            "end_perf": [
                0.36127519607543945,
                0.073661000000000004,
                0.065476999999999994,
                237476,
                243396,
                3216913471893082,
                4294967297,
                0
            ],
            "Compiled": "Yes",
            "nMops": 37,
            "Compiled Times": 4
        },
        "std": {
            "nQuads": 213,
            "start_perf": [
                0.3613431453704834,
                0.073698,
                0.065509999999999999,
                237476,
                243396,
                1614700469.97193,
                3216913472013424
            ],
            "child_modules": {},
            "nRouts": 33,
            "svclass": [
                "$vcs_nba_dyn_obj",
                0,
                37,
                2,
                2,
                0,
                "sigprop$$",
                0,
                37,
                2,
                2,
                0,
                "process",
                0,
                184,
                8,
                8,
                0,
                "event",
                0,
                36,
                2,
                2,
                0,
                "mailbox",
                0,
                99,
                9,
                9,
                0,
                "semaphore",
                0,
                69,
                5,
                5,
                0
            ],
            "Compiled": "Yes",
            "end_perf": [
                0.36375808715820312,
                0.074915999999999996,
                0.066706000000000001,
                237476,
                243396,
                3216913477339222,
                8589934594,
                0
            ],
            "nMops": 462,
            "Compiled Times": 4
        }
    },
    "reusePaths": {
        "amcQw_d": {
            "icPath": "csrc"
        },
        "reYIK_d": {
            "icPath": "csrc"
        }
    },
    "ObjArchives": [
        {
            "archive": "archive.3/_26394_archive_1.a",
            "objects": [
                [
                    "hEeZs_d.o",
                    11096
                ],
                [
                    "wibLG_d.o",
                    7880
                ],
                [
                    "h1FGN_d.o",
                    8178
                ],
                [
                    "amcQwB.o",
                    65982
                ]
            ],
            "size": 93136
        }
    ],
    "stat": {
        "ru_self_end": {
            "ru_stime_sec": 0.074743000000000004,
            "ru_utime_sec": 0.079933000000000004,
            "ru_maxrss_kb": 69924,
            "ru_minflt": 27334,
            "ru_majflt": 0,
            "ru_nivcsw": 14,
            "ru_nvcsw": 275
        },
        "ru_childs_end": {
            "ru_stime_sec": 0.027768000000000001,
            "ru_utime_sec": 0.016782999999999999,
            "ru_maxrss_kb": 16964,
            "ru_minflt": 6973,
            "ru_majflt": 0,
            "ru_nivcsw": 13,
            "ru_nvcsw": 41
        },
        "cpu_cycles_end": 3216913595975138,
        "peak_mem_kb": 243396
    }
}