{
    "Modules": {
        "...MASTER...": {
            "start_perf": [
                0.37543296813964844,
                0.065072000000000005,
                0.065057000000000004,
                231336,
                243444,
                1614701711.833292,
                3219639149815748
            ],
            "nRouts": 5,
            "child_modules": {
                "vcs_paramclassrepository": 1,
                "std": 1,
                "common_test": 1,
                "_vcs_unit__3363450375": 1
            },
            "end_perf": [
                0.38781905174255371,
                0.066952999999999999,
                0.067937999999999998,
                232792,
                243444,
                3219639177021126,
                0,
                0
            ],
            "nQuads": 0,
            "nMops": 0
        },
        "vcs_paramclassrepository": {
            "start_perf": [
                0.38797688484191895,
                0.067031999999999994,
                0.068017999999999995,
                232792,
                243444,
                1614701711.8458359,
                3219639177346788
            ],
            "child_modules": {},
            "Compiled Times": 3,
            "Compiled": "Yes",
            "svclass": [
                "_vcs_unit__3363450375_math_5729101652516386857_2",
                0,
                0,
                0,
                0,
                4294967299,
                "_vcs_unit__3363450375_math_14003627072222231108_3",
                0,
                0,
                0,
                0,
                4294967299,
                "_vcs_unit__3363450375_math_8488877724059915147_3",
                0,
                0,
                0,
                0,
                4294967299,
                "_vcs_unit__3363450375_math_8242863453503891840_2",
                0,
                0,
                0,
                0,
                4294967299,
                "_vcs_unit__3363450375_math_15260666212277889866_3",
                0,
                0,
                0,
                0,
                4294967299,
                "_vcs_unit__3363450375_math_7528570494109771806_3",
                0,
                0,
                0,
                0,
                4294967299
            ],
            "end_perf": [
                0.38933992385864258,
                0.068206000000000003,
                0.068206000000000003,
                232792,
                243444,
                3219639180396178,
                17179869185,
                0
            ],
            "nQuads": 0,
            "nMops": 0,
            "nRouts": 5
        },
        "_vcs_unit__3363450375": {
            "start_perf": [
                0.38943386077880859,
                0.068252999999999994,
                0.068252999999999994,
                232792,
                243444,
                1614701711.8472929,
                3219639180538140
            ],
            "nRouts": 6,
            "Compiled Times": 3,
            "child_modules": {},
            "Compiled": "Yes",
            "end_perf": [
                0.39663386344909668,
                0.070285,
                0.070285,
                235212,
                243444,
                3219639196380738,
                4294967297,
                0
            ],
            "nQuads": 12,
            "nMops": 78
        },
        "std": {
            "start_perf": [
                0.39671087265014648,
                0.070323999999999998,
                0.070323999999999998,
                235212,
                243444,
                1614701711.8545699,
                3219639196515158
            ],
            "child_modules": {},
            "Compiled Times": 3,
            "Compiled": "Yes",
            "svclass": [
                "$vcs_nba_dyn_obj",
                0,
                37,
                2,
                2,
                0,
                "sigprop$$",
                0,
                37,
                2,
                2,
                0,
                "process",
                0,
                184,
                8,
                8,
                0,
                "event",
                0,
                36,
                2,
                2,
                0,
                "mailbox",
                0,
                99,
                9,
                9,
                0,
                "semaphore",
                0,
                69,
                5,
                5,
                0
            ],
            "end_perf": [
                0.39948105812072754,
                0.073093000000000005,
                0.070323999999999998,
                235212,
                243444,
                3219639202614782,
                8589934594,
                0
            ],
            "nQuads": 213,
            "nMops": 462,
            "nRouts": 33
        },
        "common_test": {
            "start_perf": [
                0.39955401420593262,
                0.073166999999999996,
                0.070323999999999998,
                235212,
                243444,
                1614701711.8574131,
                3219639202748054
            ],
            "nRouts": 8,
            "Compiled Times": 3,
            "child_modules": {},
            "Compiled": "Yes",
            "end_perf": [
                0.40167784690856934,
                0.075283000000000003,
                0.070330000000000004,
                237392,
                243444,
                3219639207436044,
                12884901889,
                0
            ],
            "nQuads": 19,
            "nMops": 23
        }
    },
    "CompUnits": {
        "wibLG_d": {
            "mod": "_vcs_unit__3363450375",
            "mode": 4,
            "out": "wibLG_d.o",
            "bytes": 7780,
            "text": 709,
            "archive": "archive.2/_15855_archive_1.a",
            "checksum": 0
        },
        "h1FGN_d": {
            "mod": "common_test",
            "mode": 4,
            "out": "h1FGN_d.o",
            "bytes": 8390,
            "text": 556,
            "archive": "archive.2/_15855_archive_1.a",
            "checksum": 0
        }
    },
    "reusePaths": {
        "amcQw_d": {
            "icPath": "csrc"
        },
        "hEeZs_d": {
            "icPath": "csrc"
        },
        "reYIK_d": {
            "icPath": "csrc"
        }
    },
    "ObjArchives": [
        {
            "archive": "archive.2/_15855_archive_1.a",
            "objects": [
                [
                    "wibLG_d.o",
                    7780
                ],
                [
                    "h1FGN_d.o",
                    8390
                ],
                [
                    "amcQwB.o",
                    65818
                ]
            ],
            "size": 81988
        }
    ],
    "stat": {
        "ru_self_end": {
            "ru_utime_sec": 0.075284000000000004,
            "ru_stime_sec": 0.080171999999999993,
            "ru_nivcsw": 8,
            "ru_maxrss_kb": 69808,
            "ru_nvcsw": 172,
            "ru_minflt": 27324,
            "ru_majflt": 0
        },
        "cpu_cycles_end": 3219639256028810,
        "ru_childs_end": {
            "ru_utime_sec": 0.016489,
            "ru_stime_sec": 0.028895000000000001,
            "ru_nivcsw": 7,
            "ru_maxrss_kb": 17148,
            "ru_nvcsw": 20,
            "ru_minflt": 6973,
            "ru_majflt": 0
        },
        "peak_mem_kb": 243444
    }
}