{
    "stat": {
        "ru_self_end": {
            "ru_utime_sec": 0.082128000000000007,
            "ru_stime_sec": 0.067932999999999993,
            "ru_nvcsw": 177,
            "ru_maxrss_kb": 68716,
            "ru_nivcsw": 7,
            "ru_minflt": 27028,
            "ru_majflt": 0
        },
        "cpu_cycles_end": 3231177044516762,
        "ru_childs_end": {
            "ru_utime_sec": 0.0081180000000000002,
            "ru_stime_sec": 0.033660000000000002,
            "ru_nvcsw": 19,
            "ru_maxrss_kb": 17208,
            "ru_nivcsw": 10,
            "ru_minflt": 6973,
            "ru_majflt": 0
        },
        "peak_mem_kb": 243696
    },
    "Modules": {
        "vcs_paramclassrepository": {
            "start_perf": [
                0.2988429069519043,
                0.076801999999999995,
                0.054273000000000002,
                232796,
                243696,
                1614706968.6430399,
                3231176967217150
            ],
            "Compiled": "Yes",
            "child_modules": {},
            "Compiled Times": 7,
            "end_perf": [
                0.30018496513366699,
                0.076987,
                0.05543,
                232796,
                243696,
                3231176970180246,
                17179869185,
                0
            ],
            "nMops": 0,
            "svclass": [
                "_vcs_unit__3363450375_math_5729101652516386857_2",
                0,
                0,
                0,
                0,
                4294967299,
                "_vcs_unit__3363450375_math_14003627072222231108_3",
                0,
                0,
                0,
                0,
                4294967299,
                "_vcs_unit__3363450375_math_8488877724059915147_3",
                0,
                0,
                0,
                0,
                4294967299,
                "_vcs_unit__3363450375_math_8242863453503891840_2",
                0,
                0,
                0,
                0,
                4294967299,
                "_vcs_unit__3363450375_math_15260666212277889866_3",
                0,
                0,
                0,
                0,
                4294967299,
                "_vcs_unit__3363450375_math_7528570494109771806_3",
                0,
                0,
                0,
                0,
                4294967299
            ],
            "nRouts": 5,
            "nQuads": 0
        },
        "...MASTER...": {
            "start_perf": [
                0.28403091430664062,
                0.075281000000000001,
                0.050866000000000001,
                231340,
                243696,
                1614706968.6282279,
                3231176934714684
            ],
            "child_modules": {
                "vcs_paramclassrepository": 1,
                "common_test": 1,
                "std": 1,
                "_vcs_unit__3363450375": 1
            },
            "nMops": 0,
            "end_perf": [
                0.29867696762084961,
                0.076703999999999994,
                0.054204000000000002,
                232796,
                243696,
                3231176966877738,
                0,
                0
            ],
            "nRouts": 5,
            "nQuads": 0
        },
        "_vcs_unit__3363450375": {
            "start_perf": [
                0.30026006698608398,
                0.077031000000000002,
                0.055461999999999997,
                232796,
                243696,
                1614706968.6444571,
                3231176970319186
            ],
            "Compiled": "Yes",
            "child_modules": {},
            "Compiled Times": 7,
            "nMops": 0,
            "end_perf": [
                0.30090188980102539,
                0.077672000000000005,
                0.055461999999999997,
                232796,
                243696,
                3231176971746076,
                4294967297,
                0
            ],
            "nRouts": 5,
            "nQuads": 0
        },
        "common_test": {
            "start_perf": [
                0.30414199829101562,
                0.079978999999999995,
                0.056395000000000001,
                232796,
                243696,
                1614706968.648339,
                3231176978864894
            ],
            "Compiled": "Yes",
            "child_modules": {},
            "Compiled Times": 7,
            "nMops": 30,
            "end_perf": [
                0.31020498275756836,
                0.080750000000000002,
                0.059284000000000003,
                235216,
                243696,
                3231176992185242,
                12884901889,
                0
            ],
            "nRouts": 8,
            "nQuads": 28
        },
        "std": {
            "start_perf": [
                0.30096292495727539,
                0.077733999999999998,
                0.055461999999999997,
                232796,
                243696,
                1614706968.64516,
                3231176971857414
            ],
            "Compiled": "Yes",
            "child_modules": {},
            "Compiled Times": 7,
            "end_perf": [
                0.30406904220581055,
                0.079935999999999993,
                0.056364999999999998,
                232796,
                243696,
                3231176978706398,
                8589934594,
                0
            ],
            "nMops": 462,
            "svclass": [
                "$vcs_nba_dyn_obj",
                0,
                37,
                2,
                2,
                0,
                "sigprop$$",
                0,
                37,
                2,
                2,
                0,
                "process",
                0,
                184,
                8,
                8,
                0,
                "event",
                0,
                36,
                2,
                2,
                0,
                "mailbox",
                0,
                99,
                9,
                9,
                0,
                "semaphore",
                0,
                69,
                5,
                5,
                0
            ],
            "nRouts": 33,
            "nQuads": 213
        }
    },
    "CompUnits": {
        "h1FGN_d": {
            "checksum": 0,
            "mode": 4,
            "mod": "common_test",
            "out": "h1FGN_d.o",
            "bytes": 7846,
            "text": 425,
            "archive": "archive.6/_18207_archive_1.a"
        }
    },
    "reusePaths": {
        "amcQw_d": {
            "icPath": "csrc"
        },
        "hEeZs_d": {
            "icPath": "csrc"
        },
        "reYIK_d": {
            "icPath": "csrc"
        },
        "wibLG_d": {
            "icPath": "csrc"
        }
    },
    "ObjArchives": [
        {
            "archive": "archive.6/_18207_archive_1.a",
            "objects": [
                [
                    "h1FGN_d.o",
                    7846
                ],
                [
                    "amcQwB.o",
                    65648
                ]
            ],
            "size": 73494
        }
    ]
}