{
    "Modules": {
        "...MASTER...": {
            "start_perf": [
                0.38857603073120117,
                0.10606599999999999,
                0.063639000000000001,
                231308,
                244288,
                1618880779.1650741,
                12391966671659342
            ],
            "child_modules": {
                "std": 1,
                "sha_tb": 1,
                "_vcs_unit__3736148473": 1
            },
            "end_perf": [
                0.4020378589630127,
                0.113882,
                0.063731999999999997,
                233288,
                244288,
                12391966701233390,
                0,
                0
            ],
            "nQuads": 0,
            "nMops": 0,
            "nRouts": 5
        },
        "_vcs_unit__3736148473": {
            "start_perf": [
                0.40221095085144043,
                0.113993,
                0.063794000000000003,
                233288,
                244288,
                1618880779.178709,
                12391966701586494
            ],
            "child_modules": {},
            "Compiled": "Yes",
            "end_perf": [
                0.44152688980102539,
                0.14019400000000001,
                0.070615999999999998,
                240668,
                244288,
                12391966787900496,
                4294967297,
                0
            ],
            "Compiled Times": 1,
            "significant_routs": [
                [
                    27,
                    "F_VCSgd_sRC3T_8_0",
                    9777298,
                    5252,
                    947
                ],
                [
                    31,
                    "F_VCSgd_sRC3T_13_0",
                    4976660,
                    467,
                    67
                ]
            ],
            "nQuads": 688,
            "nMops": 2381,
            "nRouts": 45
        },
        "std": {
            "start_perf": [
                0.4416038990020752,
                0.14024600000000001,
                0.070641999999999996,
                240668,
                244288,
                1618880779.218102,
                12391966788032024
            ],
            "child_modules": {},
            "Compiled": "Yes",
            "svclass": [
                "$vcs_nba_dyn_obj",
                385,
                37,
                2,
                2,
                0,
                "sigprop$$",
                385,
                37,
                2,
                2,
                0,
                "process",
                1645,
                184,
                8,
                8,
                0,
                "event",
                462,
                36,
                2,
                2,
                0,
                "mailbox",
                922,
                107,
                9,
                9,
                0,
                "semaphore",
                682,
                71,
                5,
                5,
                0
            ],
            "end_perf": [
                0.44974899291992188,
                0.14532900000000001,
                0.073702000000000004,
                240668,
                244288,
                12391966805979968,
                8589934594,
                0
            ],
            "Compiled Times": 1,
            "nQuads": 218,
            "nMops": 472,
            "nRouts": 33
        },
        "sha_tb": {
            "start_perf": [
                0.44984602928161621,
                0.145427,
                0.073702000000000004,
                240668,
                244288,
                1618880779.2263441,
                12391966806127300
            ],
            "child_modules": {},
            "nRouts": 84,
            "Compiled": "Yes",
            "end_perf": [
                0.47074985504150391,
                0.16450500000000001,
                0.075526999999999997,
                242012,
                244288,
                12391966852096160,
                12884901889,
                0
            ],
            "Compiled Times": 1,
            "nQuads": 847,
            "nMops": 2276
        }
    },
    "CompUnits": {
        "amcQw_d": {
            "mod": "...MASTER...",
            "out": "objs/amcQw_d.o",
            "checksum": 0,
            "bytes": 7858,
            "text": 458,
            "mode": 4
        },
        "sRC3T_d": {
            "archive": "archive.0/_26815_archive_1.a",
            "mod": "_vcs_unit__3736148473",
            "out": "sRC3T_d.o",
            "checksum": 0,
            "bytes": 33420,
            "text": 16110,
            "mode": 4
        },
        "reYIK_d": {
            "archive": "archive.0/_26815_archive_1.a",
            "mod": "std",
            "out": "reYIK_d.o",
            "checksum": 0,
            "bytes": 33820,
            "text": 4774,
            "cls": 4481,
            "mode": 4
        },
        "bHYRS_d": {
            "archive": "archive.0/_26815_archive_1.a",
            "mod": "sha_tb",
            "out": "bHYRS_d.o",
            "checksum": 0,
            "bytes": 37822,
            "text": 16868,
            "mode": 4
        }
    },
    "reusePaths": {},
    "ObjArchives": [
        {
            "archive": "archive.0/_26815_archive_1.a",
            "objects": [
                [
                    "sRC3T_d.o",
                    33420
                ],
                [
                    "reYIK_d.o",
                    33820
                ],
                [
                    "bHYRS_d.o",
                    37822
                ],
                [
                    "amcQwB.o",
                    99110
                ]
            ],
            "size": 204172
        }
    ],
    "stat": {
        "peak_mem_kb": 244288,
        "ru_self_end": {
            "ru_nvcsw": 292,
            "ru_stime_sec": 0.093945000000000001,
            "ru_utime_sec": 0.16542399999999999,
            "ru_minflt": 29969,
            "ru_maxrss_kb": 79180,
            "ru_majflt": 0,
            "ru_nivcsw": 9
        },
        "ru_childs_end": {
            "ru_nvcsw": 23,
            "ru_stime_sec": 0.030433000000000002,
            "ru_utime_sec": 0.021780999999999998,
            "ru_minflt": 6915,
            "ru_maxrss_kb": 17228,
            "ru_majflt": 1,
            "ru_nivcsw": 10
        },
        "cpu_cycles_end": 12391966961593998
    }
}