{
    "Modules": {
        "sha_tb": {
            "start_perf": [
                0.58285689353942871,
                0.10218000000000001,
                0.083864999999999995,
                235196,
                244808,
                1616688418.892303,
                7580111841775968
            ],
            "significant_routs": [
                [
                    48,
                    "R_VCSgd_bHYRS_30",
                    97580856,
                    46,
                    12
                ]
            ],
            "child_modules": {},
            "nMops": 3248,
            "Compiled": "Yes",
            "nQuads": 1221,
            "Compiled Times": 13,
            "nRouts": 112,
            "end_perf": [
                0.66388297080993652,
                0.12227300000000001,
                0.090248999999999996,
                239232,
                244808,
                7580112019662594,
                12884901889,
                0
            ]
        },
        "_vcs_unit__3864693740": {
            "start_perf": [
                0.54339289665222168,
                0.083669999999999994,
                0.079866999999999994,
                233008,
                244808,
                1616688418.852839,
                7580111755193436
            ],
            "nMops": 2381,
            "child_modules": {},
            "nQuads": 688,
            "Compiled": "Yes",
            "Compiled Times": 2,
            "nRouts": 45,
            "end_perf": [
                0.57991790771484375,
                0.100226,
                0.082878999999999994,
                235044,
                244808,
                7580111835364402,
                4294967297,
                0
            ]
        },
        "...MASTER...": {
            "start_perf": [
                0.48756194114685059,
                0.083060999999999996,
                0.075423000000000004,
                231604,
                244808,
                1616688418.797008,
                7580111632630242
            ],
            "nMops": 0,
            "child_modules": {
                "sha_tb": 1,
                "_vcs_unit__3864693740": 1,
                "std": 1
            },
            "nRouts": 5,
            "end_perf": [
                0.54324984550476074,
                0.083597000000000005,
                0.079797000000000007,
                233008,
                244808,
                7580111754878440,
                0,
                0
            ],
            "nQuads": 0
        },
        "std": {
            "start_perf": [
                0.57999491691589355,
                0.100268,
                0.082914000000000002,
                235044,
                244808,
                1616688418.889441,
                7580111835494142
            ],
            "child_modules": {},
            "nMops": 472,
            "Compiled": "Yes",
            "nQuads": 218,
            "Compiled Times": 13,
            "svclass": [
                "$vcs_nba_dyn_obj",
                0,
                37,
                2,
                2,
                0,
                "sigprop$$",
                0,
                37,
                2,
                2,
                0,
                "process",
                0,
                184,
                8,
                8,
                0,
                "event",
                0,
                36,
                2,
                2,
                0,
                "mailbox",
                0,
                107,
                9,
                9,
                0,
                "semaphore",
                0,
                71,
                5,
                5,
                0
            ],
            "nRouts": 33,
            "end_perf": [
                0.58278489112854004,
                0.10213999999999999,
                0.083832000000000004,
                235196,
                244808,
                7580111841644468,
                8589934594,
                0
            ]
        }
    },
    "ObjArchives": [
        {
            "archive": "archive.12/_20333_archive_1.a",
            "objects": [
                [
                    "bHYRS_d.o",
                    49476
                ],
                [
                    "amcQwB.o",
                    98814
                ]
            ],
            "size": 148290
        }
    ],
    "CompUnits": {
        "bHYRS_d": {
            "mod": "sha_tb",
            "out": "bHYRS_d.o",
            "text": 22852,
            "bytes": 49476,
            "mode": 4,
            "checksum": 0,
            "archive": "archive.12/_20333_archive_1.a"
        }
    },
    "reusePaths": {
        "amcQw_d": {
            "icPath": "csrc"
        },
        "ppZmY_d": {
            "icPath": "csrc"
        },
        "reYIK_d": {
            "icPath": "csrc"
        }
    },
    "stat": {
        "ru_self_end": {
            "ru_maxrss_kb": 76972,
            "ru_utime_sec": 0.124735,
            "ru_stime_sec": 0.102322,
            "ru_minflt": 29456,
            "ru_majflt": 0,
            "ru_nvcsw": 296,
            "ru_nivcsw": 10
        },
        "ru_childs_end": {
            "ru_maxrss_kb": 17828,
            "ru_utime_sec": 0.015497,
            "ru_stime_sec": 0.025153999999999999,
            "ru_minflt": 6968,
            "ru_majflt": 0,
            "ru_nvcsw": 21,
            "ru_nivcsw": 9
        },
        "cpu_cycles_end": 7580112192050374,
        "peak_mem_kb": 244808
    }
}