{
    "Modules": {
        "testbench": {
            "Compiled Times": 4,
            "start_perf": [
                1.5292620658874512,
                0.076810000000000003,
                0.188994,
                237508,
                243312,
                1614695204.09465,
                3500571733741762
            ],
            "nMops": 701,
            "child_modules": {},
            "Compiled": "Yes",
            "nRouts": 68,
            "end_perf": [
                1.5396461486816406,
                0.082776000000000002,
                0.19280900000000001,
                239252,
                243312,
                3500571758655874,
                12884901889,
                0
            ],
            "nQuads": 380
        },
        "...MASTER...": {
            "start_perf": [
                1.4103090763092041,
                0.065325999999999995,
                0.17797499999999999,
                231084,
                243312,
                1614695203.975697,
                3500571448599276
            ],
            "nMops": 0,
            "child_modules": {
                "std": 1,
                "testbench": 1
            },
            "nRouts": 5,
            "end_perf": [
                1.4750981330871582,
                0.069073999999999997,
                0.18284500000000001,
                233524,
                243312,
                3500571603942388,
                0,
                0
            ],
            "nQuads": 0
        },
        "std": {
            "start_perf": [
                1.4752669334411621,
                0.069121000000000002,
                0.18296799999999999,
                233524,
                243312,
                1614695204.0406549,
                3500571604320778
            ],
            "Compiled Times": 4,
            "child_modules": {},
            "nMops": 462,
            "svclass": [
                "$vcs_nba_dyn_obj",
                385,
                37,
                2,
                2,
                0,
                "sigprop$$",
                385,
                37,
                2,
                2,
                0,
                "process",
                1645,
                184,
                8,
                8,
                0,
                "event",
                462,
                36,
                2,
                2,
                0,
                "mailbox",
                848,
                99,
                9,
                9,
                0,
                "semaphore",
                656,
                69,
                5,
                5,
                0
            ],
            "Compiled": "Yes",
            "nRouts": 33,
            "end_perf": [
                1.5291850566864014,
                0.076786999999999994,
                0.18893799999999999,
                237508,
                243312,
                3500571733589938,
                8589934594,
                0
            ],
            "nQuads": 213
        }
    },
    "ObjArchives": [
        {
            "archive": "archive.3/_17257_archive_1.a",
            "objects": [
                [
                    "reYIK_d.o",
                    32908
                ],
                [
                    "iAVhC_d.o",
                    21286
                ],
                [
                    "amcQwB.o",
                    66980
                ]
            ],
            "size": 121174
        }
    ],
    "CompUnits": {
        "reYIK_d": {
            "mode": 4,
            "mod": "std",
            "out": "reYIK_d.o",
            "bytes": 32908,
            "archive": "archive.3/_17257_archive_1.a",
            "checksum": 0,
            "cls": 4381,
            "text": 4650
        },
        "amcQw_d": {
            "mode": 4,
            "mod": "...MASTER...",
            "out": "objs/amcQw_d.o",
            "bytes": 7684,
            "checksum": 0,
            "text": 434
        },
        "iAVhC_d": {
            "mode": 4,
            "mod": "testbench",
            "out": "iAVhC_d.o",
            "bytes": 21286,
            "archive": "archive.3/_17257_archive_1.a",
            "checksum": 0,
            "text": 5856
        }
    },
    "reusePaths": {},
    "stat": {
        "ru_self_end": {
            "ru_nvcsw": 1096,
            "ru_utime_sec": 0.085418999999999995,
            "ru_stime_sec": 0.20541200000000001,
            "ru_minflt": 27065,
            "ru_maxrss_kb": 72836,
            "ru_majflt": 906,
            "ru_nivcsw": 8
        },
        "ru_childs_end": {
            "ru_nvcsw": 20,
            "ru_utime_sec": 0.014609,
            "ru_stime_sec": 0.061086000000000001,
            "ru_minflt": 6835,
            "ru_maxrss_kb": 16972,
            "ru_majflt": 135,
            "ru_nivcsw": 8
        },
        "cpu_cycles_end": 3500571825927748,
        "peak_mem_kb": 243312
    }
}